"Ticker","Company Name","12/31/2015","12/31/2014","12/31/2013","12/31/2012","12/31/2011","12/31/2010","12/31/2009"
"A","Agilent Technologies Inc.","0.078%","0.076%","0.116%","0.112%","0.106%","0.126%","0.109%"
"AA","Alcoa Inc.","0.072%","0.106%","0.069%","0.073%","0.081%","0.138%","0.159%"
"AAL","American Airlines Group","0.148%","-","-","-","-","-","-"
"AAP","Advance Auto Parts Inc","0.062%","-","-","-","-","-","-"
"AAPL","Apple Inc.","3.282%","3.552%","3.054%","3.936%","3.318%","2.600%","1.928%"
"ABBV","AbbVie Inc.","0.542%","0.576%","0.513%","-","-","-","-"
"ABC","AmerisourceBergen Corp.","0.113%","0.103%","0.099%","0.080%","0.084%","0.082%","0.075%"
"ABT","Abbott Laboratories","0.375%","0.374%","0.362%","0.815%","0.770%","0.648%","0.843%"
"ACN","Accenture plc","0.366%","0.309%","0.318%","0.336%","0.302%","-","-"
"ACS","ACS Inc.","-","-","-","-","-","-","0.058%"
"ADBE","Adobe Systems Inc.","0.262%","0.190%","0.181%","0.147%","0.122%","0.135%","0.194%"
"ADI","Analog Devices Inc.","0.097%","0.095%","0.097%","0.100%","0.094%","0.098%","0.093%"
"ADM","Archer-Daniels-Midland Co.","0.122%","0.183%","0.174%","0.142%","0.166%","0.168%","0.203%"
"ADP","ADP, LLC.","0.217%","0.220%","0.237%","0.217%","0.232%","0.200%","0.217%"
"ADS","Alliance Data Systems Corp.","0.094%","0.101%","0.083%","-","-","-","-"
"ADSK","Autodesk Inc.","0.077%","0.075%","0.069%","0.063%","0.060%","0.076%","0.059%"
"ADT","ADT Corp.","0.030%","0.034%","0.045%","0.085%","-","-","-"
"AEE","Ameren Corp.","0.059%","0.062%","0.054%","0.059%","0.071%","0.059%","0.067%"
"AEP","American Electric Power","0.160%","0.164%","0.139%","0.163%","0.175%","0.151%","0.168%"
"AES","AES Corp.","0.036%","0.049%","0.053%","0.052%","0.067%","0.084%","0.090%"
"AET","Aetna Inc.","0.211%","0.173%","0.154%","0.122%","0.134%","0.107%","0.139%"
"AFL","AFLAC Inc.","0.142%","0.149%","0.187%","0.196%","0.177%","0.232%","0.219%"
"AGN","Allergan, Plc","0.689%","0.378%","0.179%","0.086%","0.067%","0.057%","0.049%"
"AGN (Old)","Allergan Inc. (Old)","-","0.351%","0.202%","0.217%","0.235%","0.184%","0.194%"
"AIG","AIG, Inc.","0.429%","0.433%","0.459%","0.410%","0.387%","0.339%","0.041%"
"AIV","Aimco","0.035%","0.030%","0.023%","0.031%","0.024%","0.027%","0.019%"
"AIZ","Assurant Inc.","0.030%","0.026%","0.029%","0.021%","0.032%","0.034%","0.035%"
"AKAM","Akamai Technologies Inc.","0.052%","0.062%","0.051%","0.057%","0.050%","0.077%","0.044%"
"AKS","AK Steel Holding Corp.","-","-","-","-","-","0.016%","0.024%"
"ALL","Allstate Corp.","0.132%","0.162%","0.149%","0.152%","0.121%","0.149%","0.163%"
"ALLE","Allegion","0.035%","0.029%","0.026%","-","-","-","-"
"ALTR","Altera Corp.","-","0.062%","0.063%","0.087%","0.105%","0.100%","0.068%"
"ALXN","Alexion Pharmaceuticals","0.241%","0.203%","0.160%","0.144%","-","-","-"
"AMAT","Applied Materials Inc.","0.121%","0.168%","0.130%","0.108%","0.122%","0.163%","0.189%"
"AMD","Advanced Micro Devices","-","-","-","0.011%","0.028%","0.041%","0.055%"
"AME","Ametek","0.071%","0.070%","0.079%","-","-","-","-"
"AMG","Affiliated Managers Group","0.048%","0.064%","-","-","-","-","-"
"AMGN","Amgen Inc.","0.684%","0.669%","0.525%","0.513%","0.449%","0.448%","0.568%"
"AMP","Ameriprise Financial","0.102%","0.134%","0.135%","0.101%","0.097%","0.124%","0.100%"
"AMT","American Tower Corp.","0.230%","0.217%","0.192%","0.240%","0.208%","0.180%","0.175%"
"AMZN","Amazon.com Inc.","1.453%","0.653%","0.893%","0.718%","0.547%","0.547%","0.464%"
"AN","AutoNation Inc.","0.025%","0.025%","0.020%","0.020%","0.024%","0.019%","0.018%"
"ANF","Abercrombie & Fitch","-","-","-","0.030%","0.037%","0.044%","0.031%"
"ANR","Alpha Natural Resources","-","-","-","-","0.039%","-","-"
"ANTM","Anthem Inc.","0.204%","0.186%","0.165%","0.146%","0.198%","0.188%","0.265%"
"AON","Aon plc","0.139%","0.147%","0.154%","0.136%","0.134%","0.134%","0.103%"
"APA","Apache Corporation","0.094%","0.130%","0.207%","0.242%","0.306%","0.399%","0.350%"
"APC","Anadarko Petroleum Corp.","0.138%","0.231%","0.244%","0.293%","0.334%","0.331%","0.310%"
"APD","Air Products & Chemicals","0.141%","0.154%","0.144%","0.137%","0.158%","0.171%","0.174%"
"APH","Amphenol Corp.","0.090%","0.092%","0.086%","0.081%","0.065%","0.081%","0.081%"
"APOL","Apollo Group Inc.","-","-","-","0.017%","0.051%","0.041%","0.079%"
"ARG","Airgas Inc.","0.050%","0.043%","0.045%","0.050%","0.047%","0.046%","0.039%"
"ATI","Allegheny Technologies Inc.","-","0.021%","0.023%","0.026%","0.045%","0.048%","0.044%"
"ATVI","Activision Blizzard Inc","0.110%","-","-","-","-","-","-"
"AVB","AvalonBay Communities","0.141%","0.119%","0.088%","0.122%","0.109%","0.085%","0.068%"
"AVGO","Avago Technologies","0.213%","0.141%","-","-","-","-","-"
"AVP","Avon Products","-","0.023%","0.046%","0.049%","0.066%","0.109%","0.136%"
"AVY","Avery Dennison Corp","0.032%","0.026%","0.030%","0.027%","0.027%","0.041%","0.042%"
"AXP","American Express Co","0.325%","0.457%","0.516%","0.441%","0.481%","0.452%","0.486%"
"AYE","Allegheny Energy Inc.","-","-","-","-","-","0.036%","0.040%"
"AZO","AutoZone Inc","0.126%","0.109%","0.098%","0.071%","0.073%","0.063%","0.047%"
"BA","Boeing Co.","0.509%","0.476%","0.563%","0.403%","0.479%","0.419%","0.397%"
"BAC","Bank of America Corp.","0.980%","1.039%","1.013%","0.986%","0.495%","1.178%","1.315%"
"BAX","Baxter International Inc.","0.117%","0.220%","0.230%","0.287%","0.244%","0.257%","0.356%"
"BBBY","Bed Bath & Beyond","0.044%","0.078%","0.104%","0.100%","0.123%","0.110%","0.102%"
"BBT","BB&T Corp.","0.165%","0.155%","0.161%","0.160%","0.154%","0.160%","0.177%"
"BBY","Best Buy Co. Inc.","0.051%","0.063%","0.066%","0.025%","0.060%","0.097%","0.137%"
"BCR","C. R. Bard, Inc","0.078%","0.069%","0.059%","0.058%","0.064%","0.068%","0.075%"
"BDK","Black & Decker","-","-","-","-","-","-","0.039%"
"BDX","Becton Dickinson","0.183%","0.148%","0.130%","0.119%","0.138%","0.164%","0.188%"
"BEAM","Beam Inc.","-","-","0.068%","0.077%","0.070%","0.081%","0.066%"
"BEN","Franklin Resources","0.077%","0.120%","0.144%","0.137%","0.118%","0.141%","0.158%"
"BF.B","Brown-Forman Corp.","0.097%","0.076%","0.070%","0.075%","0.071%","0.064%","0.059%"
"BHI","Baker Hughes Inc","0.113%","0.134%","0.149%","0.141%","0.187%","0.216%","0.127%"
"BIG","Big Lots Inc.","-","-","-","0.013%","0.021%","0.020%","0.024%"
"BIIB","Biogen Idec, Inc.","0.382%","0.440%","0.403%","0.273%","0.231%","0.141%","0.148%"
"BJS","BJ Services Co.","-","-","-","-","-","-","0.055%"
"BK","BNY Mellon","0.250%","0.251%","0.243%","0.236%","0.212%","0.328%","0.341%"
"BLK","BlackRock","0.243%","0.251%","0.241%","0.206%","0.207%","-","-"
"BLL","Ball Corp","0.058%","0.052%","0.045%","0.053%","0.050%","0.051%","0.049%"
"BMC","BMC Software","-","-","-","0.045%","0.048%","0.074%","0.074%"
"BMS","Bemis","-","-","0.025%","0.027%","0.027%","0.031%","0.032%"
"BMY","Bristol-Myers Squibb","0.642%","0.541%","0.535%","0.420%","0.523%","0.395%","0.437%"
"BNI","Burlington Northern","-","-","-","-","-","-","0.261%"
"BRCM","Broadcom Corp.","0.181%","0.130%","0.097%","0.137%","0.125%","0.179%","0.137%"
"BRK.B","Berkshire Hathaway","1.383%","1.512%","1.320%","1.288%","1.229%","1.283%","-"
"BSX","Boston Scientific","0.139%","0.097%","0.097%","0.061%","0.068%","0.101%","0.137%"
"BTU","Peabody Energy","-","-","0.032%","0.056%","0.079%","0.151%","0.122%"
"BWA","BorgWarner Inc","0.053%","0.069%","0.078%","0.065%","0.061%","-","-"
"BXLT","Baxalta","0.119%","-","-","-","-","-","-"
"BXP","Boston Properties","0.110%","0.109%","0.094%","0.126%","0.130%","0.106%","0.094%"
"C","Citigroup Inc.","0.862%","0.905%","0.964%","0.914%","0.676%","1.203%","0.764%"
"CA","CA, Inc.","0.050%","0.053%","0.066%","0.057%","0.065%","0.082%","0.089%"
"CAG","ConAgra Foods Inc.","0.102%","0.085%","0.086%","0.094%","0.096%","0.086%","0.103%"
"CAH","Cardinal Health Inc.","0.165%","0.147%","0.140%","0.111%","0.123%","0.117%","0.118%"
"CAM","Cameron Int'l Corp.","0.068%","0.054%","0.080%","0.110%","0.106%","0.108%","0.103%"
"CAT","Caterpillar Inc.","0.221%","0.306%","0.353%","0.462%","0.515%","0.520%","0.358%"
"CB","Chubb Ltd.","0.212%","0.209%","0.215%","0.214%","0.208%","0.183%","-"
"CB (Old)","Chubb Corp. (Old)","0.168%","0.133%","0.146%","0.155%","0.166%","0.155%","0.165%"
"CBE","Cooper Industries","-","-","-","-","0.075%","-","-"
"CBG","CBRE Group","0.056%","0.053%","0.049%","0.048%","0.037%","0.044%","0.033%"
"CBS","CBS Corp","0.114%","0.146%","0.220%","0.179%","0.158%","0.114%","0.096%"
"CCE","Coca-Cola Enterprises","0.058%","0.054%","0.065%","0.066%","0.069%","0.047%","0.068%"
"CCI","Crown Castle Int'l Corp.","0.161%","0.145%","0.150%","0.167%","-","-","-"
"CCL","Carnival Corp.","0.140%","0.113%","0.109%","0.129%","0.121%","0.171%","0.140%"
"CEG","Constellation Energy Group","-","-","-","-","0.070%","0.054%","0.071%"
"CELG","Celgene Corp.","0.527%","0.494%","0.422%","0.259%","0.260%","0.244%","0.258%"
"CEPH","Cephalon Inc.","-","-","-","-","-","0.041%","0.047%"
"CERN","Cerner","0.102%","0.109%","0.099%","0.089%","0.078%","0.059%","-"
"CF","CF Industries Holdings Inc.","0.053%","0.073%","0.079%","0.101%","0.083%","0.084%","0.045%"
"CFN","Carefusion","-","0.067%","0.051%","0.049%","0.050%","0.050%","0.056%"
"CHD","Church & Dwight Co","0.062%","-","-","-","-","-","-"
"CHK","Chesapeake Energy","0.013%","0.056%","0.086%","0.068%","0.129%","0.148%","0.169%"
"CHRW","C. H. Robinson Worldwide","0.050%","0.061%","0.053%","0.080%","0.100%","0.117%","0.099%"
"CI","Cigna Corp.","0.211%","0.149%","0.148%","0.120%","0.105%","0.087%","0.097%"
"CINF","Cincinnati Financial","0.049%","0.042%","0.047%","0.045%","0.043%","0.045%","0.043%"
"CL","Colgate-Palmolive","0.333%","0.326%","0.344%","0.362%","0.390%","0.348%","0.410%"
"CLF","Cliffs Natural Resources","-","-","0.024%","0.043%","0.078%","0.092%","0.061%"
"CLX","The Clorox Company","0.092%","0.075%","0.073%","0.075%","0.076%","0.076%","0.086%"
"CMA","Comerica Inc.","0.041%","0.046%","0.053%","0.045%","0.045%","0.065%","0.045%"
"CMCSA","Comcast Class A Comm.","0.771%","0.814%","0.826%","0.777%","0.564%","0.534%","0.483%"
"CME","CME Group Inc.","0.171%","0.154%","0.147%","0.122%","0.142%","0.188%","0.226%"
"CMG","Chipotle Mexican Grill","0.082%","0.117%","0.101%","0.073%","0.093%","-","-"
"CMI","Cummins Inc.","0.080%","0.134%","0.148%","0.149%","0.147%","0.188%","0.092%"
"CMS","CMS Energy","0.056%","0.053%","0.043%","0.051%","0.049%","0.041%","0.036%"
"CNP","CenterPoint Energy","0.044%","0.056%","0.061%","0.065%","0.075%","0.058%","0.057%"
"CNX","Consol Energy Inc.","0.010%","0.043%","0.053%","0.058%","0.073%","0.096%","0.091%"
"COF","Capital One Financial","0.213%","0.252%","0.268%","0.266%","0.171%","0.170%","0.176%"
"COG","Cabot Oil & Gas","0.041%","0.068%","0.098%","0.082%","0.070%","0.034%","0.046%"
"COH","Coach Inc.","0.051%","0.057%","0.095%","0.123%","0.154%","0.143%","0.116%"
"COL","Rockwell Collins","0.068%","0.062%","0.061%","0.063%","0.071%","0.079%","0.088%"
"COP","ConocoPhillips","0.323%","0.470%","0.528%","0.557%","0.823%","0.853%","0.766%"
"COST","Costco Co.","0.397%","0.345%","0.319%","0.339%","0.318%","0.276%","0.262%"
"COV","Covidien","-","0.256%","0.187%","0.214%","0.191%","-","-"
"CPB","Campbell Soup","0.053%","0.043%","0.047%","0.049%","0.052%","0.056%","0.064%"
"CPGX","Columbia Pipeline Group Inc.","0.045%","-","-","-","-","-","-"
"CPWR","Compuware","-","-","-","-","0.016%","0.022%","0.017%"
"CRM","Salesforce.com","0.274%","0.192%","0.187%","0.173%","0.109%","0.134%","0.082%"
"CSC","Computer Sciences Corp.","-","0.049%","0.050%","0.048%","0.032%","0.067%","0.089%"
"CSCO","Cisco Systems","0.771%","0.786%","0.732%","0.822%","0.854%","0.981%","1.390%"
"CSRA","CSRA Inc","0.027%","-","-","-","-","-","-"
"CSX","CSX Corp.","0.141%","0.199%","0.178%","0.160%","0.194%","0.212%","0.192%"
"CTAS","Cintas Corp.","0.045%","0.042%","0.037%","0.034%","0.034%","0.031%","0.035%"
"CTL","CenturyLink Inc.","0.077%","0.124%","0.113%","0.193%","0.202%","0.123%","0.109%"
"CTSH","Cognizant Technology Sol.","0.204%","0.177%","0.187%","0.176%","0.171%","0.195%","0.136%"
"CTXS","Citrix Systems","0.065%","0.057%","0.071%","0.096%","0.099%","0.112%","0.077%"
"CVC","Cablevision Systems Corp.","0.040%","0.020%","0.019%","0.020%","0.023%","0.059%","-"
"CVH","Coventry Health Care","-","-","-","0.048%","0.038%","0.035%","0.036%"
"CVS","CVS Health Corp.","0.602%","0.606%","0.515%","0.469%","0.465%","0.415%","0.452%"
"CVX","Chevron Corp.","0.947%","1.171%","1.465%","1.667%","1.862%","1.607%","1.559%"
"D","Dominion Resources","0.225%","0.248%","0.229%","0.235%","0.266%","0.217%","0.235%"
"DAL","Delta Air Lines","0.221%","0.224%","0.143%","-","-","-","-"
"DD","DuPont","0.325%","0.370%","0.367%","0.331%","0.373%","0.401%","0.307%"
"DE","Deere & Co.","0.128%","0.169%","0.208%","0.264%","0.276%","0.307%","0.231%"
"DELL","Dell, Inc.","-","-","-","0.117%","0.201%","0.201%","0.249%"
"DF","Dean Foods","-","-","-","0.024%","0.018%","0.014%","0.033%"
"DFS","Discover Financial Services","0.126%","0.162%","0.161%","0.151%","0.112%","0.088%","0.081%"
"DG","Dollar General","0.117%","0.118%","0.108%","0.114%","-","-","-"
"DGX","Quest Diagnostics","0.057%","0.053%","0.047%","0.073%","0.080%","0.066%","0.094%"
"DHI","D. R. Horton","0.059%","0.046%","0.038%","0.044%","0.031%","0.029%","0.030%"
"DHR","Danaher Corp.","0.310%","0.290%","0.276%","0.254%","0.233%","0.220%","0.198%"
"DIS","The Walt Disney Co.","0.894%","0.812%","0.819%","0.695%","0.592%","0.622%","0.607%"
"DISCA","Discovery Com Class A","0.022%","0.028%","0.193%","0.183%","0.140%","0.150%","-"
"DISCK","Discovery Com Class C","0.036%","0.049%","-","-","-","-","-"
"DLPH","Delphi Automotive","0.133%","0.117%","0.105%","0.095%","-","-","-"
"DLTR","Dollar Tree","0.096%","0.080%","0.072%","0.073%","0.087%","-","-"
"DNB","Dun & Bradstreet","0.021%","0.024%","0.028%","0.026%","0.031%","0.036%","0.044%"
"DNR","Denbury Resources Inc.","-","0.016%","0.036%","0.048%","0.052%","0.067%","0.039%"
"DO","Diamond Offshore Drilling","0.008%","0.014%","0.024%","0.037%","0.034%","0.041%","0.069%"
"DOV","Dover Corp.","0.053%","0.065%","0.100%","0.090%","0.094%","0.095%","0.078%"
"DOW","Dow Chemical","0.314%","0.279%","0.329%","0.305%","0.299%","0.347%","0.319%"
"DPS","Dr Pepper Snapple Group","0.098%","0.076%","0.059%","0.071%","0.074%","0.069%","0.073%"
"DRI","Darden Restaurants","0.041%","0.040%","0.044%","0.046%","0.051%","0.056%","0.050%"
"DTE","DTE Energy Co.","0.080%","0.084%","0.072%","0.082%","0.081%","0.067%","0.073%"
"DTV","DirecTV","-","0.241%","0.219%","0.232%","0.260%","0.283%","0.314%"
"DUK","Duke Energy","0.275%","0.326%","0.297%","0.354%","0.258%","0.207%","0.227%"
"DV","DeVry, Inc.","-","-","-","-","0.020%","0.027%","0.035%"
"DVA","DaVita Inc.","0.065%","0.072%","0.066%","0.083%","0.062%","0.058%","0.061%"
"DVN","Devon Energy Corp.","0.070%","0.130%","0.143%","0.155%","0.220%","0.297%","0.331%"
"EA","Electronic Arts","0.119%","0.080%","0.043%","0.034%","0.060%","0.048%","0.059%"
"EBAY","eBay Inc.","0.170%","0.345%","0.390%","0.468%","0.302%","0.275%","0.268%"
"ECL","Ecolab Inc.","0.170%","0.156%","0.172%","0.150%","0.148%","0.103%","0.106%"
"ED","Consolidated Edison","0.105%","0.107%","0.099%","0.128%","0.160%","0.126%","0.129%"
"EFX","Equifax Inc.","0.074%","0.053%","0.051%","0.051%","0.041%","0.038%","0.039%"
"EIX","Edison Int'l","0.108%","0.118%","0.092%","0.116%","0.119%","0.110%","0.114%"
"EK","Eastman Kodak Co.","-","-","-","-","-","-","0.011%"
"EL","Estee Lauder Cos.","0.110%","0.094%","0.111%","0.113%","0.117%","0.084%","0.058%"
"EMC","EMC Corp.","0.278%","0.334%","0.316%","0.420%","0.386%","0.413%","0.360%"
"EMN","Eastman Chemical","0.056%","0.062%","0.075%","0.082%","0.047%","0.052%","0.044%"
"EMR","Emerson Electric Co","0.174%","0.236%","0.302%","0.302%","0.301%","0.377%","0.324%"
"ENDP","Endo International plc","0.070%","-","-","-","-","-","-"
"EOG","EOG Resources","0.218%","0.279%","0.280%","0.258%","0.233%","0.203%","0.248%"
"EP","El Paso Corp.","-","-","-","-","0.180%","0.085%","0.070%"
"EQIX","Equinix Inc","0.105%","-","-","-","-","-","-"
"EQR","Equity Residential","0.166%","0.144%","0.102%","0.145%","0.149%","0.132%","0.095%"
"EQT","EQT Corporation","0.044%","0.063%","0.083%","0.070%","0.072%","0.059%","0.058%"
"ES","Eversource Energy","0.091%","0.094%","0.082%","0.097%","0.056%","0.049%","0.046%"
"ESRX","Express Scripts","0.331%","0.340%","0.331%","0.348%","0.190%","0.250%","0.240%"
"ESS","Essex Property Trust Inc","0.088%","0.073%","-","-","-","-","-"
"ESV","Ensco plc","0.020%","0.039%","0.081%","0.109%","-","-","-"
"ETFC","E*Trade Financial Corp.","0.048%","0.039%","0.034%","0.018%","0.018%","0.024%","0.026%"
"ETN","Eaton Corporation","0.134%","0.176%","0.221%","0.201%","0.128%","0.151%","0.107%"
"ETR","Entergy Corp.","0.068%","0.087%","0.069%","0.089%","0.113%","0.111%","0.156%"
"EW","Edwards Lifesciences","0.095%","0.076%","0.044%","0.081%","0.071%","-","-"
"EXC","Exelon Corp.","0.143%","0.176%","0.143%","0.200%","0.253%","0.241%","0.326%"
"EXPD","Expeditors Int'l","0.046%","0.047%","0.055%","0.064%","0.076%","0.101%","0.074%"
"EXPE","Expedia Inc.","0.070%","0.042%","0.034%","0.041%","0.022%","0.040%","0.050%"
"F","Ford Motor","0.307%","0.323%","0.365%","0.382%","0.353%","0.500%","0.327%"
"FAST","Fastenal Co.","0.066%","0.071%","0.078%","0.099%","0.102%","0.069%","0.055%"
"FB","Facebook, Inc.","1.329%","0.718%","0.493%","-","-","-","-"
"FCX","Freeport-McMoRan Inc.","0.044%","0.134%","0.239%","0.256%","0.306%","0.495%","0.348%"
"FDO","Family Dollar Stores","-","0.042%","0.037%","0.048%","0.060%","0.055%","0.039%"
"FDX","FedEx Corporation","0.214%","0.253%","0.255%","0.211%","0.231%","0.256%","0.264%"
"FE","FirstEnergy Corp","0.075%","0.091%","0.084%","0.138%","0.163%","0.099%","0.143%"
"FFIV","F5 Networks","0.037%","0.052%","0.042%","0.060%","0.074%","0.092%","-"
"FHN","First Horizon","-","-","-","0.019%","0.018%","0.027%","0.030%"
"FII","Federated Investors","-","-","-","0.015%","0.012%","0.020%","0.025%"
"FIS","Fidelity Nat. Info. Services","0.093%","0.098%","0.095%","0.069%","0.060%","0.061%","0.074%"
"FISV","Fiserv Inc","0.115%","0.094%","0.092%","0.083%","0.072%","0.075%","0.075%"
"FITB","Fifth Third Bancorp","0.089%","0.093%","0.110%","0.106%","0.103%","0.102%","0.078%"
"FLIR","FLIR Systems","0.022%","0.025%","0.026%","0.026%","0.034%","0.041%","0.050%"
"FLR","Fluor Corp.","0.037%","0.050%","0.079%","0.075%","0.075%","0.102%","0.081%"
"FLS","Flowserve Corporation","0.030%","0.044%","0.066%","0.056%","0.047%","0.057%","0.052%"
"FMC","FMC Corporation","0.029%","0.042%","0.061%","0.063%","0.053%","0.050%","0.041%"
"FOSL","Fossil, Inc.","0.008%","0.027%","0.036%","0.039%","-","-","-"
"FOX","Twenty-First Century Fox Inc Class B","0.066%","-","-","-","-","-","-"
"FOXA","Twenty-First Century Fox","0.178%","0.389%","0.418%","0.403%","0.335%","0.288%","0.311%"
"FRX","Forest Laboratories","-","-","0.087%","0.065%","0.071%","0.080%","0.098%"
"FSLR","First Solar Inc","0.028%","0.019%","0.023%","0.014%","0.016%","0.056%","0.066%"
"FTI","FMC Technologies Inc.","0.037%","0.060%","0.075%","0.080%","0.109%","0.093%","0.071%"
"FTR","Frontier Communications","0.031%","0.037%","0.028%","0.034%","0.045%","0.085%","0.025%"
"GAS","AGL Resources Inc.","0.043%","0.036%","0.034%","0.037%","0.043%","-","-"
"GAS (Old)","Nicor Inc.","-","-","-","-","-","0.020%","0.019%"
"GD","General Dynamics","0.226%","0.240%","0.194%","0.181%","0.208%","0.231%","0.265%"
"GE","General Electric","1.644%","1.401%","1.730%","1.734%","1.662%","1.706%","1.626%"
"GENZ","Genzyme Corp.","-","-","-","-","-","0.162%","0.131%"
"GGP","General Growth Properties","0.089%","0.098%","0.112%","-","-","-","-"
"GHC","Graham Holdings","-","-","0.018%","0.013%","0.016%","0.021%","0.027%"
"GILD","Gilead Sciences","0.815%","0.780%","0.703%","0.440%","0.271%","0.254%","0.393%"
"GIS","General Mills Inc.","0.191%","0.178%","0.190%","0.206%","0.229%","0.198%","0.236%"
"GLW","Corning Inc.","0.121%","0.162%","0.157%","0.147%","0.179%","0.264%","0.303%"
"GM","General Motors","0.269%","0.260%","0.194%","-","-","-","-"
"GMCR","Keurig Green Mountain","0.059%","0.089%","-","-","-","-","-"
"GME","GameStop Corp.","0.016%","0.020%","0.035%","0.024%","0.029%","0.030%","0.036%"
"GNW","Genworth Financial Inc.","-","0.023%","0.047%","0.029%","0.028%","0.056%","0.056%"
"GOOG","Alphabet Inc. Class C","1.261%","0.851%","-","-","-","-","-"
"GOOGL","Alphabet Inc. Class A","1.267%","0.840%","1.860%","1.489%","1.420%","1.286%","1.512%"
"GPC","Genuine Parts","0.072%","0.090%","0.078%","0.078%","0.084%","0.071%","0.061%"
"GPS","Gap Inc.","0.032%","0.062%","0.066%","0.073%","0.052%","0.082%","0.101%"
"GR","Goodrich Corp.","-","-","-","-","0.136%","0.096%","0.081%"
"GRMN","Garmin Ltd.","0.024%","0.035%","0.031%","0.035%","-","-","-"
"GS","Goldman Sachs Group","0.400%","0.434%","0.461%","0.444%","0.391%","0.753%","0.876%"
"GT","Goodyear Tire & Rubber","0.049%","0.043%","0.036%","0.027%","0.030%","0.025%","0.034%"
"GWW","W. W. Grainger, Inc.","0.065%","0.084%","0.092%","0.095%","0.098%","0.071%","0.060%"
"HAL","Halliburton Co.","0.163%","0.184%","0.263%","0.254%","0.279%","0.328%","0.274%"
"HAR","Harman Int'l Industries","0.037%","0.040%","0.034%","0.024%","0.023%","0.028%","0.025%"
"HAS","Hasbro Inc.","0.042%","0.034%","0.039%","0.032%","0.032%","0.051%","0.040%"
"HBAN","Huntington Bancshares","0.049%","0.047%","0.049%","0.042%","0.042%","0.052%","0.026%"
"HBI","Hanesbrands Inc","0.064%","-","-","-","-","-","-"
"HCA","HCA Inc.","0.119%","-","-","-","-","-","-"
"HCBK","Hudson City Bancorp","-","0.027%","0.027%","0.030%","0.029%","0.053%","0.073%"
"HCN","Welltower Inc","0.135%","0.137%","0.095%","0.126%","0.092%","0.061%","0.055%"
"HCP","HCP Inc.","0.100%","0.112%","0.101%","0.161%","0.149%","0.119%","0.091%"
"HD","Home Depot","0.938%","0.764%","0.707%","0.729%","0.569%","0.504%","0.497%"
"HES","Hess Corporation","0.065%","0.099%","0.143%","0.124%","0.149%","0.201%","0.178%"
"HIG","Hartford Financial Services","0.100%","0.099%","0.099%","0.077%","0.064%","0.103%","0.090%"
"HNZ","H. J. Heinz Company","-","-","-","0.146%","0.152%","0.139%","0.136%"
"HOG","Harley-Davidson","0.047%","0.077%","0.093%","0.087%","0.079%","0.071%","0.060%"
"HON","Honeywell Int'l Inc.","0.446%","0.432%","0.437%","0.391%","0.370%","0.364%","0.302%"
"HOT","Starwood Hotels & Res","0.065%","0.080%","0.093%","0.089%","0.082%","0.101%","0.069%"
"HP","Helmerich & Payne","0.032%","0.040%","0.055%","0.047%","0.055%","0.045%","-"
"HPE","Hewlett Packard Enterprise Co","0.148%","-","-","-","-","-","-"
"HPQ","Hewlett-Packard Co","0.119%","0.406%","0.326%","0.219%","0.449%","0.807%","1.229%"
"HRB","H&R Block, Inc.","0.044%","0.051%","0.049%","0.040%","0.042%","0.032%","0.077%"
"HRL","Hormel Foods Corp.","0.060%","0.039%","0.037%","0.033%","0.035%","0.031%","0.027%"
"HRS","Harris Corp.","0.060%","0.041%","0.045%","0.043%","0.036%","0.050%","0.062%"
"HSH","Hillshire Brands Co","-","-","-","-","0.098%","0.098%","0.086%"
"HSIC","Henry Schein Inc","0.073%","-","-","-","-","-","-"
"HSP","Hospira Inc.","-","0.058%","0.042%","0.041%","0.044%","0.081%","0.084%"
"HST","Host Hotels & Resorts","0.064%","0.099%","0.090%","0.089%","0.092%","0.106%","0.076%"
"HSY","The Hershey Company","0.072%","0.084%","0.089%","0.085%","0.085%","0.069%","0.060%"
"HUM","Humana Inc.","0.148%","0.119%","0.097%","0.086%","0.126%","0.081%","0.075%"
"IBM","IBM Corp.","0.687%","0.816%","1.168%","1.602%","1.904%","1.596%","1.736%"
"ICE","Intercontinental Exchange","0.171%","0.137%","0.158%","0.071%","0.077%","0.076%","0.083%"
"IFF","Intl Flavors & Fragrances","0.054%","0.045%","0.043%","0.043%","0.037%","0.039%","0.033%"
"IGT","International Game Tech.","-","-","0.028%","0.030%","0.045%","0.046%","0.056%"
"ILMN","Illumina Inc","0.157%","-","-","-","-","-","-"
"INTC","Intel Corp.","0.909%","0.952%","0.787%","0.803%","1.066%","1.014%","1.137%"
"INTU","Intuit Inc.","0.143%","0.145%","0.125%","0.130%","0.138%","0.135%","0.098%"
"IP","International Paper Co.","0.087%","0.124%","0.131%","0.138%","0.114%","0.104%","0.117%"
"IPG","Interpublic Group","0.052%","0.047%","0.046%","0.036%","0.038%","0.045%","0.036%"
"IR","Ingersoll-Rand PLC","0.081%","0.093%","0.101%","0.106%","0.084%","0.134%","-"
"IRM","Iron Mountain Inc.","0.029%","0.040%","0.031%","0.041%","0.047%","0.039%","0.042%"
"ISRG","Intuitive Surgical Inc.","0.114%","0.107%","0.090%","0.155%","0.160%","0.088%","0.118%"
"ITT","ITT Corp.","-","-","-","-","-","0.084%","0.092%"
"ITW","Illinois Tool Works","0.170%","0.184%","0.203%","0.201%","0.199%","0.179%","0.187%"
"IVZ","Invesco Ltd.","0.079%","0.094%","0.098%","0.091%","0.080%","0.097%","0.102%"
"JAVA","Sun Microsystems Inc","-","-","-","-","-","-","0.065%"
"JBHT","J. B. Hunt Transport Services Inc.","0.037%","-","-","-","-","-","-"
"JBL","Jabil Circuit","-","-","0.020%","0.028%","0.033%","0.034%","0.033%"
"JCI","Johnson Controls","0.143%","0.175%","0.208%","0.165%","0.187%","0.226%","0.185%"
"JCP","J.C. Penney","-","-","-","0.022%","0.043%","0.067%","0.063%"
"JEC","Jacobs Engineering Group","0.029%","0.032%","0.051%","0.044%","0.046%","0.051%","0.047%"
"JNJ","Johnson & Johnson","1.589%","1.616%","1.576%","1.530%","1.574%","1.487%","1.794%"
"JNPR","Juniper Networks","0.055%","0.046%","0.068%","0.079%","0.094%","0.170%","0.140%"
"JNS","Janus Capital Group","-","-","-","-","-","0.021%","0.025%"
"JOY","Joy Global Inc.","-","0.025%","0.036%","0.053%","0.070%","-","-"
"JPM","JPMorgan Chase & Co.","1.359%","1.292%","1.341%","1.316%","1.110%","1.452%","1.727%"
"JWN","Nordstrom","0.038%","0.062%","0.055%","0.064%","0.068%","0.060%","0.061%"
"K","Kellogg Co.","0.102%","0.091%","0.093%","0.110%","0.108%","0.110%","0.137%"
"KEY","KeyCorp","0.062%","0.066%","0.073%","0.061%","0.064%","0.068%","0.049%"
"KG","King Pharmaceuticals Inc.","-","-","-","-","-","-","0.031%"
"KHC","Kraft Heinz Co","0.242%","0.203%","0.196%","0.212%","-","-","-"
"KIM","Kimco Realty","0.061%","0.057%","0.049%","0.062%","0.058%","0.064%","0.055%"
"KLAC","KLA-Tencor Corp.","0.060%","0.063%","0.066%","0.062%","0.071%","0.057%","0.063%"
"KMB","Kimberly-Clark","0.257%","0.233%","0.243%","0.259%","0.256%","0.225%","0.268%"
"KMI","Kinder Morgan","0.153%","0.318%","0.138%","0.176%","-","-","-"
"KMX","Carmax Inc.","0.060%","0.078%","0.064%","0.067%","0.061%","0.063%","-"
"KO","The Coca Cola Co.","0.940%","0.919%","0.957%","1.101%","1.397%","1.337%","1.333%"
"KORS","Michael Kors Holdings","0.040%","0.083%","0.101%","-","-","-","-"
"KR","Kroger Co.","0.228%","0.174%","0.125%","0.106%","0.122%","0.124%","0.135%"
"KSS","Kohl's Corp.","0.051%","0.068%","0.068%","0.072%","0.110%","0.147%","0.167%"
"KSU","Kansas City Southern","0.045%","0.074%","0.083%","-","-","-","-"
"L","Loews Corp.","0.060%","0.069%","0.090%","0.100%","0.110%","0.119%","0.131%"
"LB","L Brands Inc.","0.137%","0.118%","0.091%","0.089%","0.087%","0.072%","0.053%"
"LDOS","Leidos Holdings Inc","-","-","-","0.030%","0.037%","0.050%","0.074%"
"LEG","Leggett & Platt","0.032%","0.032%","0.026%","0.030%","0.028%","0.029%","0.031%"
"LEN","Lennar Corp.","0.049%","0.044%","0.042%","0.050%","0.028%","0.027%","0.021%"
"LH","LabCorp","0.070%","0.050%","0.048%","0.064%","0.074%","0.079%","0.080%"
"LIFE","Life Technologies","-","-","0.080%","0.066%","0.061%","0.089%","0.095%"
"LLL","L-3 Comm's Holdings","0.052%","0.057%","0.056%","0.055%","0.058%","0.067%","0.101%"
"LLTC","Linear Technology Corp.","0.057%","0.060%","0.065%","0.063%","0.060%","0.069%","0.069%"
"LLY","Eli Lilly and Co.","0.459%","0.373%","0.308%","0.397%","0.372%","0.311%","0.365%"
"LM","Legg Mason","0.024%","0.029%","0.028%","0.023%","0.030%","0.048%","0.049%"
"LMT","Lockheed Martin Corp.","0.316%","0.284%","0.240%","0.194%","0.192%","0.178%","0.238%"
"LNC","Lincoln National","0.070%","0.083%","0.083%","0.056%","0.051%","0.077%","0.076%"
"LO","Lorillard Inc.","-","0.125%","0.113%","0.117%","0.132%","0.106%","0.126%"
"LOW","Lowe's Cos.","0.389%","0.370%","0.316%","0.315%","0.279%","0.303%","0.348%"
"LRCX","Lam Research","0.070%","0.070%","0.054%","0.047%","-","-","-"
"LSI","LSI Corporation","-","-","0.037%","0.031%","0.029%","0.032%","0.040%"
"LUK","Leucadia National Corp.","0.032%","0.039%","0.051%","0.037%","0.039%","0.049%","0.046%"
"LUV","Southwest Airlines","0.157%","0.159%","0.080%","0.060%","0.059%","0.085%","0.086%"
"LVLT","Level 3 Comm's","0.088%","0.077%","-","-","-","-","-"
"LXK","Lexmark Int'l Inc","-","-","-","-","0.021%","0.024%","0.020%"
"LYB","LyondellBasell","0.175%","0.182%","0.179%","0.153%","-","-","-"
"M","Macy's Inc.","0.061%","0.126%","0.120%","0.122%","0.119%","0.094%","0.071%"
"MA","Mastercard Inc.","0.539%","0.450%","0.508%","0.397%","0.294%","0.178%","0.210%"
"MAC","Macerich","0.059%","0.073%","0.051%","-","-","-","-"
"MAR","Marriott Int'l.","0.072%","0.089%","0.069%","0.072%","0.068%","0.094%","0.070%"
"MAS","Masco Corp.","0.053%","0.050%","0.050%","0.047%","0.033%","0.040%","0.050%"
"MAT","Mattel Inc.","0.052%","0.058%","0.098%","0.099%","0.082%","0.078%","0.073%"
"MCD","McDonald's Corp.","0.607%","0.504%","0.589%","0.698%","0.902%","0.710%","0.680%"
"MCHP","Microchip Technology","0.053%","0.050%","0.054%","0.050%","0.062%","0.056%","0.054%"
"MCK","McKesson Corp.","0.252%","0.266%","0.226%","0.178%","0.168%","0.156%","0.170%"
"MCO","Moody's Corp","0.096%","0.095%","0.089%","0.077%","0.057%","0.044%","0.053%"
"MDLZ","Mondelez Int'l","0.398%","0.334%","0.367%","0.356%","0.580%","0.482%","0.406%"
"MDP","Meredith Corp.","-","-","-","-","-","0.011%","0.011%"
"MDT","Medtronic Inc.","0.605%","0.391%","0.350%","0.326%","0.356%","0.351%","0.493%"
"MEE","Massey Energy Co.","-","-","-","-","-","0.048%","0.036%"
"MET","MetLife Inc.","0.300%","0.339%","0.369%","0.283%","0.290%","0.383%","0.292%"
"MFE","McAfee Inc.","-","-","-","-","-","0.063%","0.065%"
"MHK","Mohawk Industries","0.067%","0.053%","0.056%","-","-","-","-"
"MHS","Medco Health Solutions","-","-","-","-","0.190%","0.220%","0.306%"
"MI","Marshall & Iisley Corp.","-","-","-","-","-","0.032%","0.029%"
"MIL","Millipore Inc.","-","-","-","-","-","-","0.041%"
"MJN","Mead Johnson","0.087%","0.112%","0.103%","0.105%","0.123%","0.111%","0.090%"
"MKC","McCormick & Co.","0.056%","0.053%","0.056%","0.066%","0.059%","0.054%","0.048%"
"MLM","Martin Marietta Materials","0.049%","0.038%","-","-","-","-","-"
"MMC","Marsh & McLennan","0.162%","0.171%","0.161%","0.148%","0.150%","0.129%","0.118%"
"MMI","Motorola Mobility","-","-","-","-","0.103%","-","-"
"MMM","3M Company","0.519%","0.577%","0.569%","0.466%","0.503%","0.540%","0.591%"
"MNK","Mallinckrodt plc","0.047%","0.064%","-","-","-","-","-"
"MNST","Monster Beverage","0.125%","0.088%","0.060%","0.060%","-","-","-"
"MO","Altria Group Inc.","0.638%","0.536%","0.467%","0.498%","0.533%","0.450%","0.411%"
"MOLX","Molex Inc.","-","-","-","0.030%","0.029%","0.027%","0.029%"
"MON","Monsanto Co.","0.243%","0.319%","0.373%","0.399%","0.330%","0.327%","0.450%"
"MOS","The Mosaic Co.","0.052%","0.072%","0.056%","0.086%","0.088%","-","-"
"MPC","Marathon Petroleum","0.154%","0.137%","0.166%","0.165%","0.104%","-","-"
"MRK","Merck & Co.","0.825%","0.894%","0.892%","0.980%","1.010%","0.972%","1.127%"
"MRO","Marathon Oil Corp.","0.048%","0.105%","0.150%","0.171%","0.181%","0.230%","0.223%"
"MS","Morgan Stanley","0.269%","0.327%","0.261%","0.208%","0.197%","0.360%","0.406%"
"MSFT","Microsoft Corp.","2.478%","2.108%","1.705%","1.585%","1.704%","1.807%","2.359%"
"MSI","Motorola Solutions Inc.","0.062%","0.077%","0.107%","0.123%","0.132%","0.187%","0.181%"
"MTB","M&T Bank Corp.","0.090%","0.092%","0.088%","0.094%","0.084%","0.064%","0.056%"
"MU","Micron Technology","0.086%","0.208%","0.140%","0.051%","0.055%","0.070%","0.091%"
"MUR","Murphy Oil","0.020%","0.047%","0.069%","0.085%","0.095%","0.126%","0.105%"
"MWW","Monster Worldwide Inc.","-","-","-","-","-","0.025%","0.021%"
"MYL","Mylan Inc.","0.125%","0.117%","0.098%","0.085%","0.080%","0.081%","0.057%"
"NAVI","Navient","0.023%","0.048%","-","-","-","-","-"
"NBL","Noble Energy Inc.","0.080%","0.096%","0.151%","0.144%","0.148%","0.133%","0.126%"
"NBR","Nabors Industries Ltd.","-","0.021%","0.031%","0.033%","0.044%","0.059%","0.063%"
"NDAQ","NASDAQ OMX Group","0.037%","0.031%","0.029%","0.023%","0.026%","0.026%","0.030%"
"NE","Noble Corp.","-","0.023%","0.058%","0.069%","0.067%","-","-"
"NEE","NextEra Energy","0.268%","0.260%","0.227%","0.231%","0.223%","0.192%","0.221%"
"NEM","Newmont Mining Corp.","0.053%","0.052%","0.070%","0.182%","0.261%","0.265%","0.234%"
"NFLX","Netflix Inc.","0.274%","0.114%","0.134%","0.041%","0.034%","0.081%","-"
"NFX","Newfield Exploration Co.","0.030%","0.021%","0.020%","0.029%","0.045%","0.085%","-"
"NI","NiSource Inc.","0.035%","0.074%","0.063%","0.061%","0.059%","0.043%","0.043%"
"NKE","Nike, Inc.","0.474%","0.372%","0.345%","0.294%","0.311%","0.286%","0.260%"
"NLSN","Nielsen Holdings","0.094%","0.074%","0.059%","-","-","-","-"
"NOC","Northrop Grumman Corp.","0.191%","0.162%","0.152%","0.127%","0.130%","0.165%","0.173%"
"NOV","National Oilwell Varco Inc.","0.070%","0.152%","0.208%","0.230%","0.253%","0.248%","0.186%"
"NOVL","Novell, Inc.","-","-","-","-","-","0.018%","0.015%"
"NRG","NRG Energy","0.021%","0.050%","0.057%","0.058%","0.036%","0.042%","-"
"NSC","Norfolk Southern Corp.","0.141%","0.187%","0.175%","0.154%","0.215%","0.200%","0.195%"
"NSM","National Semiconductor","-","-","-","-","-","0.029%","0.037%"
"NTAP","NetApp","0.043%","0.072%","0.086%","0.095%","0.114%","0.174%","0.117%"
"NTRS","Northern Trust Corp.","0.087%","0.082%","0.082%","0.086%","0.084%","0.118%","0.128%"
"NUE","Nucor Corp.","0.072%","0.086%","0.104%","0.108%","0.110%","0.121%","0.148%"
"NVDA","Nvidia Corp.","0.094%","0.057%","0.056%","0.060%","0.074%","0.078%","0.105%"
"NVLS","Novellus Systems","-","-","-","-","0.025%","0.026%","0.023%"
"NWL","Newell Rubbermaid Co.","0.066%","0.057%","0.055%","0.050%","0.041%","0.046%","0.042%"
"NWS","News Corp Class B","0.008%","-","-","-","-","-","-"
"NWSA","News Corporation","0.029%","0.043%","0.055%","-","-","-","-"
"NYT","The New York Times Co.","-","-","-","-","-","-","0.014%"
"NYX","NYSE Euronext","-","-","-","0.060%","0.059%","0.068%","0.066%"
"O","Realty Income Corporation","0.072%","-","-","-","-","-","-"
"ODP","Office Depot Inc.","-","-","-","-","-","-","0.018%"
"OI","Owens-Illinois Inc.","0.016%","0.024%","0.036%","0.027%","0.028%","0.044%","0.056%"
"OKE","ONEOK, Inc.","0.029%","0.057%","0.078%","0.069%","0.079%","0.052%","-"
"OMC","Omnicom Group","0.101%","0.106%","0.117%","0.103%","0.107%","0.114%","0.122%"
"ORCL","Oracle Corp.","0.644%","0.796%","0.819%","0.969%","0.884%","1.080%","0.956%"
"ORLY","O'Reilly Automotive","0.139%","0.108%","0.083%","0.080%","0.089%","0.075%","0.053%"
"OXY","Occidental Petroleum","0.289%","0.345%","0.468%","0.489%","0.668%","0.698%","0.667%"
"PAYX","Paychex Inc.","0.095%","0.083%","0.090%","0.079%","0.085%","0.087%","0.099%"
"PBCT","People's United Bank","0.027%","0.025%","0.028%","0.032%","0.039%","0.043%","0.057%"
"PBG","Pepsi Bottling Group Inc.","-","-","-","-","-","-","0.056%"
"PBI","Pitney-Bowes","0.023%","0.027%","0.029%","0.017%","0.033%","0.043%","0.048%"
"PCAR","PACCAR Inc.","0.093%","0.133%","0.128%","0.126%","0.117%","0.183%","0.133%"
"PCG","PG&E Corp.","0.146%","0.140%","0.112%","0.136%","0.149%","0.166%","0.167%"
"PCL","Plum Creek Timber Co.","0.046%","0.042%","0.050%","0.057%","0.052%","0.053%","0.062%"
"PCLN","Priceline.com Inc","0.354%","0.327%","0.369%","0.244%","0.205%","0.172%","0.101%"
"PCP","Precision Castparts","0.179%","0.189%","0.239%","0.218%","0.210%","0.175%","0.158%"
"PCS","MetroPCS","-","-","-","0.025%","0.020%","0.029%","0.020%"
"PDCO","Patterson Companies","0.021%","0.023%","0.020%","0.022%","0.022%","0.025%","0.026%"
"PEG","Public Serv. Enterprise Inc.","0.109%","0.116%","0.099%","0.122%","0.147%","0.141%","0.170%"
"PEP","PepsiCo Inc.","0.814%","0.782%","0.776%","0.834%","0.912%","0.906%","0.958%"
"PETM","PetSmart, Inc.","-","0.045%","0.045%","0.057%","-","-","-"
"PFE","Pfizer Inc.","1.114%","1.084%","1.211%","1.454%","1.462%","1.228%","1.482%"
"PFG","Principal Financial Group","0.068%","0.078%","0.083%","0.062%","0.065%","0.091%","0.077%"
"PG","Procter & Gamble","1.208%","1.359%","1.350%","1.462%","1.613%","1.576%","1.788%"
"PGN","Progress Energy Inc.","-","-","-","-","0.145%","0.112%","0.116%"
"PGR","Progressive Corp.","0.104%","0.080%","0.092%","0.092%","0.105%","0.115%","0.122%"
"PH","Parker-Hannifin","0.073%","0.101%","0.117%","0.100%","0.101%","0.122%","0.087%"
"PHM","PulteGroup Inc","0.032%","0.039%","0.042%","0.049%","0.019%","0.021%","0.032%"
"PKI","PerkinElmer","0.034%","0.027%","0.028%","0.029%","0.020%","0.026%","0.024%"
"PLD","Prologis","0.126%","0.121%","0.112%","0.133%","0.115%","0.072%","0.066%"
"PLL","Pall Corp.","-","0.060%","0.057%","0.053%","0.058%","0.050%","0.043%"
"PM","Philip Morris Int'l","0.762%","0.696%","0.845%","1.089%","1.190%","0.923%","0.918%"
"PNC","PNC Financial SVCS Group Inc","0.269%","0.264%","0.252%","0.242%","0.267%","0.280%","0.246%"
"PNR","Pentair Ltd.","0.050%","0.067%","0.094%","0.080%","-","-","-"
"PNW","Pinnacle West Capital","0.040%","0.042%","0.036%","0.044%","0.046%","0.039%","0.037%"
"POM","Pepco Holdings Inc.","0.037%","0.038%","0.029%","0.036%","0.041%","0.036%","0.038%"
"PPG","PPG Industries","0.147%","0.174%","0.160%","0.164%","0.111%","0.118%","0.098%"
"PPL","PPL Corp.","0.129%","0.134%","0.116%","0.131%","0.150%","0.111%","0.123%"
"PRGO","Perrigo","0.116%","0.130%","0.125%","0.077%","0.080%","-","-"
"PRU","Prudential Financial","0.204%","0.228%","0.259%","0.194%","0.207%","0.248%","0.232%"
"PSA","Public Storage","0.204%","0.148%","0.132%","0.164%","0.165%","0.120%","0.111%"
"PSX","Phillips 66","0.216%","0.216%","0.278%","0.261%","-","-","-"
"PTV","Pactiv LLC","-","-","-","-","-","-","0.032%"
"PVH","PVH Corp.","0.034%","0.058%","0.068%","-","-","-","-"
"PWR","Quanta Services Inc.","0.018%","0.034%","0.042%","0.046%","0.040%","0.038%","0.044%"
"PX","Praxair Inc.","0.163%","0.207%","0.233%","0.255%","0.280%","0.254%","0.248%"
"PXD","Pioneer Natural Resources","0.105%","0.122%","0.160%","0.104%","0.096%","0.088%","0.056%"
"PYPL","PayPal Holdings Inc.","0.225%","-","-","-","-","-","-"
"Q","Qwest Communications","-","-","-","-","-","0.100%","0.063%"
"QCOM","Qualcomm, Inc.","0.420%","0.679%","0.764%","0.836%","0.811%","0.708%","0.782%"
"QEP","QEP Resources","-","0.018%","0.033%","0.043%","0.046%","0.056%","-"
"QLGC","QLogic Corp.","-","-","-","-","-","0.016%","0.022%"
"QRVO","Qorvo","0.039%","-","-","-","-","-","-"
"R","Ryder System","0.017%","0.027%","0.024%","0.020%","0.024%","0.024%","0.022%"
"RAI","Reynolds American Inc.","0.214%","0.109%","0.095%","0.105%","0.122%","0.097%","0.090%"
"RCL","Royal Caribbean Cruises","0.096%","0.075%","-","-","-","-","-"
"RDC","Rowan Companies plc","-","-","0.027%","0.031%","0.033%","0.039%","0.026%"
"REGN","Regeneron","0.241%","0.169%","0.131%","-","-","-","-"
"RF","Regions Financial Corp.","0.070%","0.080%","0.083%","0.079%","0.048%","0.077%","0.063%"
"RHI","Robert Half International","0.035%","0.044%","0.035%","0.035%","0.036%","0.039%","0.040%"
"RHT","Red Hat Inc.","0.085%","0.070%","0.065%","0.081%","0.070%","0.077%","0.059%"
"RIG","Transocean","0.024%","0.034%","0.109%","-","-","-","-"
"RL","Polo Ralph Lauren Corp.","0.037%","0.043%","0.044%","0.048%","0.047%","0.036%","0.026%"
"ROK","Rockwell Automation Inc.","0.076%","0.083%","0.100%","0.092%","0.092%","0.089%","0.068%"
"ROP","Roper Industries","0.107%","0.086%","0.084%","0.087%","0.074%","0.064%","0.049%"
"ROST","Ross Stores","0.122%","0.109%","0.098%","0.095%","0.048%","0.066%","0.053%"
"RRC","Range Resources Corp.","0.023%","0.050%","0.084%","0.080%","0.088%","0.063%","0.080%"
"RRD","R.R. Donnelley","-","-","-","-","0.023%","0.032%","0.046%"
"RSG","Republic Services Inc.","0.059%","0.056%","0.060%","0.068%","0.075%","0.085%","0.093%"
"RSH","RadioShack Corp.","-","-","-","-","-","0.017%","0.025%"
"RTN","Raytheon Co.","0.208%","0.184%","0.174%","0.149%","0.144%","0.146%","0.197%"
"RX","IMS Health Inc.","-","-","-","-","-","-","0.039%"
"S","Sprint Corp","-","-","-","0.134%","0.062%","0.111%","0.110%"
"SBUX","Starbucks Corp.","0.499%","0.340%","0.362%","0.316%","0.304%","0.211%","0.174%"
"SCG","SCANA Corp.","0.048%","0.048%","0.040%","0.047%","0.046%","0.041%","0.042%"
"SCHW","Charles Schwab Corp.","0.221%","0.192%","0.176%","0.124%","0.106%","0.147%","0.179%"
"SE","Spectra Energy Corp.","0.090%","0.135%","0.146%","0.144%","0.176%","0.142%","0.134%"
"SEE","Sealed Air Corp.","0.049%","0.049%","0.041%","0.024%","0.029%","0.035%","0.035%"
"SHLD","Sears Holding Corporation","-","-","-","-","0.012%","0.030%","0.041%"
"SHW","Sherwin-Williams Co.","0.114%","0.117%","0.093%","0.104%","0.068%","0.066%","0.057%"
"SIAL","Sigma-Aldrich Corp.","-","0.090%","0.068%","0.070%","0.066%","0.071%","0.062%"
"SIG","Signet Jewelers Limited","0.055%","-","-","-","-","-","-"
"SII","Smith International Inc.","-","-","-","-","-","-","0.068%"
"SJM","J.M. Smucker Co.","0.083%","0.057%","0.066%","0.074%","0.078%","0.069%","0.074%"
"SLB","Schlumberger Ltd.","0.492%","0.607%","0.724%","0.725%","0.806%","0.997%","0.789%"
"SLG","SL Green Realty Corp","0.063%","-","-","-","-","-","-"
"SLM","SLM Corp.","-","-","0.069%","0.061%","0.060%","0.054%","0.054%"
"SNA","Snap-On Inc.","0.056%","0.044%","0.039%","0.036%","0.026%","0.029%","0.025%"
"SNDK","SanDisk Corporation","0.085%","0.117%","0.097%","0.083%","0.105%","0.103%","0.067%"
"SNI","Scripps Networks Int.","0.029%","0.032%","0.034%","0.031%","0.026%","0.032%","0.029%"
"SO","Southern Co.","0.239%","0.246%","0.222%","0.293%","0.352%","0.282%","0.276%"
"SPG","Simon Property Group Inc.","0.336%","0.313%","0.288%","0.386%","0.333%","0.255%","0.230%"
"SPGI","S&P Global Inc.","0.147%","0.134%","0.129%","0.120%","0.109%","0.098%","0.107%"
"SPLS","Staples Inc.","0.034%","0.064%","0.063%","0.061%","0.085%","0.144%","0.180%"
"SRCL","Stericycle Inc.","0.057%","0.061%","0.061%","0.063%","0.058%","0.060%","0.047%"
"SRE","Sempra Energy","0.124%","0.142%","0.124%","0.126%","0.116%","0.110%","0.139%"
"STI","SunTrust Banks","0.122%","0.121%","0.120%","0.120%","0.084%","0.129%","0.102%"
"STJ","St. Jude Medical, Inc.","0.098%","0.103%","0.109%","0.084%","0.096%","0.123%","0.121%"
"STR","Questar Corp.","-","-","-","-","-","-","0.073%"
"STT","State Street Corp.","0.148%","0.180%","0.194%","0.170%","0.173%","0.203%","0.218%"
"STX","Seagate Technology","0.061%","0.121%","0.100%","0.076%","-","-","-"
"STZ","Constellation Brands","0.138%","0.091%","0.068%","0.042%","0.030%","0.036%","0.032%"
"SUN","Sunoco Inc.","-","-","-","-","0.038%","0.043%","0.031%"
"SUNE","SunEdison Inc","-","-","-","-","-","0.022%","0.031%"
"SVU","Supervalu Inc.","-","-","-","-","0.015%","0.018%","0.027%"
"SWK","Stanley Black & Decker","0.092%","0.083%","0.077%","0.093%","0.100%","0.097%","0.042%"
"SWKS","Skyworks Solutions Inc.","0.082%","-","-","-","-","-","-"
"SWN","Southwestern Energy","0.016%","0.053%","0.085%","0.092%","0.098%","0.114%","0.168%"
"SWY","Safeway Inc.","-","0.045%","0.046%","0.034%","0.055%","0.072%","0.083%"
"SYF","Synchrony Financial","0.142%","-","-","-","-","-","-"
"SYK","Stryker Corp.","0.163%","0.156%","0.132%","0.125%","0.143%","0.131%","0.144%"
"SYMC","Symantec Corp.","0.079%","0.098%","0.099%","0.103%","0.101%","0.116%","0.147%"
"SYY","Sysco Corp.","0.121%","0.130%","0.129%","0.146%","0.150%","0.150%","0.167%"
"T","AT&T Inc.","1.184%","0.962%","1.130%","1.508%","1.575%","1.520%","1.670%"
"TAP","Molson Coors Brewing Co.","0.083%","0.064%","0.053%","0.051%","0.057%","0.067%","0.069%"
"TDC","Teradata Corp.","0.019%","0.036%","0.044%","0.081%","0.071%","0.061%","0.054%"
"TE","TECO Energy","0.035%","0.027%","0.021%","0.027%","0.036%","0.033%","0.035%"
"TEG","Integrys Energy Group Inc.","-","0.034%","0.026%","0.032%","0.037%","0.033%","0.032%"
"TEL","TE Connectivity Ltd.","0.140%","0.142%","0.138%","0.124%","0.115%","-","-"
"TER","Teradyne","-","-","-","0.025%","0.022%","0.022%","0.019%"
"TGNA","TEGNA Inc","0.031%","0.040%","0.041%","0.033%","0.028%","0.032%","0.036%"
"TGT","Target Corp.","0.251%","0.266%","0.244%","0.305%","0.302%","0.373%","0.367%"
"THC","Tenet Healthcare Corp.","0.017%","0.028%","0.025%","0.027%","0.019%","0.026%","0.024%"
"TIE","Titanium Metals","-","-","-","-","0.012%","0.013%","0.011%"
"TIF","Tiffany & Co.","0.048%","0.066%","0.068%","0.054%","0.074%","0.069%","0.054%"
"TJX","TJX Companies Inc.","0.265%","0.261%","0.276%","0.244%","0.214%","0.154%","0.155%"
"TLAB","Tellabs Inc.","-","-","-","-","-","0.022%","0.022%"
"TMK","Torchmark Corp.","0.036%","0.038%","0.043%","0.038%","0.038%","0.041%","0.037%"
"TMO","Thermo Fisher Scientific","0.317%","0.277%","0.246%","0.180%","0.147%","0.190%","0.197%"
"TRIP","TripAdvisor","0.054%","0.042%","0.050%","0.033%","0.021%","-","-"
"TROW","T. Rowe Price Group","0.100%","0.124%","0.134%","0.132%","0.127%","0.146%","0.139%"
"TRV","The Travelers Companies","0.192%","0.194%","0.201%","0.216%","0.215%","0.225%","0.275%"
"TSCO","Tractor Supply Co.","0.064%","0.059%","-","-","-","-","-"
"TSN","Tyson Foods","0.068%","0.065%","0.056%","0.043%","0.053%","0.046%","0.038%"
"TSO","Tesoro Petroleum Co.","0.070%","0.051%","0.047%","0.048%","0.029%","0.023%","0.019%"
"TSS","Total System Services","0.047%","0.031%","0.033%","0.027%","0.027%","0.026%","0.034%"
"TWC","Time Warner Cable Inc.","0.294%","0.236%","0.230%","0.228%","0.176%","0.201%","0.147%"
"TWX","Time Warner Inc.","0.289%","0.396%","0.385%","0.357%","0.318%","0.312%","0.343%"
"TXN","Texas Instruments","0.311%","0.309%","0.290%","0.270%","0.292%","0.334%","0.330%"
"TXT","Textron Inc.","0.064%","0.064%","0.063%","0.053%","0.045%","0.057%","0.052%"
"TYC","Tyco Int'l","0.075%","0.101%","0.116%","0.107%","0.190%","0.178%","-"
"UA","Under Armour","0.081%","0.051%","-","-","-","-","-"
"UAL","United Continental Holdings","0.119%","-","-","-","-","-","-"
"UHS","Universal Health Services","0.066%","0.056%","-","-","-","-","-"
"UNH","United Health Group Inc.","0.627%","0.533%","0.454%","0.435%","0.463%","0.343%","0.353%"
"UNM","Unum Group","0.045%","0.049%","0.056%","0.044%","0.054%","0.067%","0.065%"
"UNP","Union Pacific","0.371%","0.581%","0.467%","0.465%","0.447%","0.399%","0.326%"
"UPS","United Parcel Service","0.375%","0.428%","0.444%","0.415%","0.619%","0.630%","0.576%"
"URBN","Urban Outfitters","0.011%","0.020%","0.025%","0.034%","0.026%","0.039%","-"
"URI","United Rentals, Inc.","0.037%","0.055%","-","-","-","-","-"
"USB","U.S. Bancorp","0.392%","0.444%","0.450%","0.473%","0.454%","0.453%","0.435%"
"UTX","United Technologies","0.443%","0.538%","0.586%","0.545%","0.582%","0.636%","0.657%"
"V","Visa Inc.","0.839%","0.565%","0.536%","0.495%","0.363%","0.239%","0.323%"
"VAR","Varian Medical Systems","0.043%","0.048%","0.050%","0.060%","0.067%","0.073%","0.059%"
"VFC","V.F. Corp.","0.119%","0.143%","0.134%","0.105%","0.099%","0.065%","0.065%"
"VIAB","Viacom Inc.","0.091%","0.152%","0.215%","0.190%","0.199%","0.207%","0.182%"
"VIAV","VIAVI Solutions Inc","-","-","-","0.025%","0.021%","0.028%","0.018%"
"VLO","Valero Energy","0.190%","0.142%","0.166%","0.149%","0.104%","0.115%","0.095%"
"VMC","Vulcan Materials","0.071%","0.048%","0.047%","0.053%","0.045%","0.050%","0.067%"
"VNO","Vornado Realty Trust","0.099%","0.114%","0.092%","0.107%","0.111%","0.117%","0.111%"
"VRSK","Verisk Analytics Inc","0.067%","-","-","-","-","-","-"
"VRSN","Verisign Inc.","0.047%","0.034%","0.049%","0.047%","0.050%","0.049%","0.045%"
"VRTX","Vertex Pharmaceuticals Inc.","0.173%","0.159%","0.106%","-","-","-","-"
"VTR","Ventas Inc.","0.106%","0.118%","0.103%","0.149%","0.140%","0.072%","0.069%"
"VZ","Verizon Communications","1.052%","1.072%","0.857%","0.973%","0.998%","0.885%","0.950%"
"WAT","Waters Corp.","0.061%","0.052%","0.052%","0.059%","0.058%","0.062%","0.059%"
"WBA","Walgreens Boots Alliance","0.414%","0.298%","0.303%","0.251%","0.231%","0.286%","0.365%"
"WDC","Western Digital","0.078%","0.133%","0.109%","0.073%","0.064%","0.069%","0.102%"
"WEC","WEC Energy Group Inc","0.091%","0.066%","0.057%","0.066%","0.071%","0.060%","0.059%"
"WFC","Wells Fargo","1.413%","1.429%","1.357%","1.318%","1.277%","1.424%","1.393%"
"WFM","Whole Foods Market","0.064%","0.100%","0.122%","0.124%","0.093%","0.077%","0.047%"
"WHR","Whirlpool Corp.","0.063%","0.083%","0.074%","0.063%","0.032%","0.059%","0.061%"
"WIN","Windstream Comm's","-","0.027%","0.029%","0.038%","0.060%","0.062%","0.048%"
"WM","Waste Management Inc.","0.124%","0.121%","0.121%","0.116%","0.124%","0.154%","0.167%"
"WMB","Williams Companies","0.097%","0.167%","0.161%","0.176%","0.171%","0.127%","0.124%"
"WMT","Wal-Mart Stores","0.538%","0.749%","0.777%","0.899%","0.953%","0.942%","1.151%"
"WPX","WPX Energy Inc","-","-","0.025%","0.023%","-","-","-"
"WRK","WestRock Co","0.066%","0.041%","0.040%","0.044%","0.045%","0.039%","0.049%"
"WU","Western Union Co.","0.050%","0.052%","0.058%","0.061%","0.099%","0.106%","0.131%"
"WY","Weyerhaeuser Corp.","0.086%","0.104%","0.112%","0.119%","0.088%","0.089%","0.092%"
"WYN","Wyndham Worldwide","0.046%","0.057%","0.058%","0.058%","0.049%","0.045%","0.036%"
"WYNN","Wynn Resorts Ltd.","0.031%","0.067%","0.095%","0.071%","0.083%","0.063%","0.041%"
"X","U.S. Steel Corp.","-","-","0.026%","0.027%","0.033%","0.073%","0.080%"
"XEC","Cimarex Energy","0.047%","0.051%","-","-","-","-","-"
"XEL","Xcel Energy Inc.","0.102%","0.100%","0.085%","0.103%","0.118%","0.099%","0.098%"
"XL","XL Capital","0.065%","0.048%","0.054%","0.059%","0.055%","0.060%","0.063%"
"XLNX","Xilinx Inc.","0.067%","0.062%","0.075%","0.074%","0.074%","0.066%","0.070%"
"XOM","Exxon Mobil Corp.","1.815%","2.162%","2.697%","3.108%","3.570%","3.227%","3.257%"
"XRAY","Dentsply Int'l","0.048%","0.041%","0.042%","0.044%","0.044%","0.042%","0.052%"
"XRX","Xerox Corp.","0.057%","0.082%","0.091%","0.068%","0.097%","0.140%","0.074%"
"XTO","XTO Energy Inc.","-","-","-","-","-","-","0.274%"
"XYL","Xylem Inc.","0.036%","0.038%","0.039%","0.040%","0.042%","-","-"
"YHOO","Yahoo Inc.","0.162%","0.243%","0.233%","0.175%","0.172%","0.162%","0.202%"
"YUM","Yum! Brands Inc.","0.176%","0.176%","0.205%","0.236%","0.239%","0.201%","0.165%"
"ZBH","Zimmer Biomet Holdings","0.098%","0.106%","0.097%","0.090%","0.084%","0.092%","0.122%"
"ZION","Zions Bancorp","0.031%","0.032%","0.034%","0.031%","0.026%","0.039%","0.019%"
"ZTS","Zoetis, Inc.","0.123%","0.119%","0.100%","-","-","-","-"